{"cameraMode":{"drawMode":0,"name":"Shaded","section":"Shading Mode"},"sceneLighting":true,"audioPlay":false,"sceneViewState":{"m_AlwaysRefresh":false,"showFog":true,"showSkybox":true,"showFlares":true,"showImageEffects":true,"showParticleSystems":true,"showVisualEffectGraphs":true,"m_FxEnabled":true},"in2DMode":false,"pivot":{"x":20.36419677734375,"y":-31.822641372680665,"z":1165.1866455078125},"rotation":{"x":-0.06749684363603592,"y":-0.20299318432807923,"z":-0.014070979319512844,"w":0.9767839908599854},"size":86.17013549804688,"orthographic":false}