{"cameraMode":{"drawMode":0,"name":"Shaded","section":"Shading Mode"},"sceneLighting":true,"audioPlay":false,"sceneViewState":{"m_AlwaysRefresh":false,"showFog":true,"showSkybox":true,"showFlares":true,"showImageEffects":true,"showParticleSystems":true,"showVisualEffectGraphs":true,"m_FxEnabled":true},"in2DMode":false,"pivot":{"x":353.1787109375,"y":392.92767333984377,"z":168.253173828125},"rotation":{"x":-0.027306200936436654,"y":0.003595983376726508,"z":-0.00009824765584198758,"w":-0.9996204376220703},"size":414.51934814453127,"orthographic":false}